{
    "intent": {
        "accuracy": 0.96,
        "precision": 0.9632692307692307,
        "recall": 0.96,
        "f1": 0.9600188405797102
    },
    "slots": {
        "accuracy": 0.3588516746411483,
        "precision": 0.7579787234042553,
        "recall": 0.8715596330275229,
        "f1": 0.8108108108108107
    },
    "overall_accuracy": 0.12,
    "partial_slot_accuracy": 0.3523809523809524
}